{
  "schema_version": "1.0",
  "aiperf_version": "0.7.0",
  "akabench_job_id": "ef7e95f7-793a-4843-84d2-9805779d6640",
  "benchmark_id": "5c8971c6-8e3e-4ede-bc1e-f8fce6c7915b",
  "request_throughput": {
    "unit": "requests/sec",
    "avg": 1.5993321480156284
  },
  "request_latency": {
    "unit": "ms",
    "avg": 9138.980701069999,
    "p1": 7362.98006149,
    "p5": 8389.78771675,
    "p10": 8501.3035138,
    "p25": 8569.551401249999,
    "p50": 8608.151145,
    "p75": 8786.329567499999,
    "p90": 12185.1548224,
    "p95": 12283.137383399999,
    "p99": 12319.622813009999,
    "min": 7360.24573,
    "max": 12320.271263999999,
    "std": 1375.3092481224335
  },
  "request_count": {
    "unit": "requests",
    "avg": 100.0
  },
  "time_to_first_token": {
    "unit": "ms",
    "avg": 1036.3993931599998,
    "p1": 144.64213488999997,
    "p5": 151.10977375,
    "p10": 300.1394988,
    "p25": 413.34991299999996,
    "p50": 583.4901795,
    "p75": 820.92109075,
    "p90": 2827.1341578,
    "p95": 4696.267819,
    "p99": 4701.9945897200005,
    "min": 132.548977,
    "max": 4704.236218999999,
    "std": 1241.5020617325129
  },
  "time_to_second_token": {
    "unit": "ms",
    "avg": 204.74617794,
    "p1": 0.0,
    "p5": 14.08667195,
    "p10": 22.790369899999998,
    "p25": 27.84122,
    "p50": 47.252168,
    "p75": 261.98340625,
    "p90": 270.53516079999997,
    "p95": 356.3742471499954,
    "p99": 1878.200562690002,
    "min": 0.0,
    "max": 2316.406212,
    "std": 417.9295582140176
  },
  "inter_token_latency": {
    "unit": "ms",
    "avg": 31.774828658470582,
    "p1": 27.696033560196078,
    "p5": 29.70968681019608,
    "p10": 29.875110891764706,
    "p25": 30.791416941176468,
    "p50": 31.5098975745098,
    "p75": 32.25062216078432,
    "p90": 33.14989266235294,
    "p95": 36.67296461960784,
    "p99": 36.79810877858828,
    "min": 27.6866273372549,
    "max": 45.62673564705882,
    "std": 2.2348978583046075
  },
  "output_token_throughput": {
    "unit": "tokens/sec",
    "avg": 409.42902989200087
  },
  "output_token_throughput_per_user": {
    "unit": "tokens/sec/user",
    "avg": 31.60550997034056,
    "p1": 27.188083857040883,
    "p5": 27.268044015911983,
    "p10": 30.16601525843328,
    "p25": 31.007153916932804,
    "p50": 31.73606028056932,
    "p75": 32.47658309931743,
    "p90": 33.472679212164756,
    "p95": 33.659055718309155,
    "p99": 36.10625322907805,
    "min": 21.91697446285447,
    "max": 36.11851988394441,
    "std": 1.9332436159444915
  },
  "output_sequence_length": {
    "unit": "tokens",
    "avg": 256.0,
    "p1": 256.0,
    "p5": 256.0,
    "p10": 256.0,
    "p25": 256.0,
    "p50": 256.0,
    "p75": 256.0,
    "p90": 256.0,
    "p95": 256.0,
    "p99": 256.0,
    "min": 256.0,
    "max": 256.0,
    "std": 0.0
  },
  "input_sequence_length": {
    "unit": "tokens",
    "avg": 512.0,
    "p1": 512.0,
    "p5": 512.0,
    "p10": 512.0,
    "p25": 512.0,
    "p50": 512.0,
    "p75": 512.0,
    "p90": 512.0,
    "p95": 512.0,
    "p99": 512.0,
    "min": 512.0,
    "max": 512.0,
    "std": 0.0
  },
  "output_token_count": {
    "unit": "tokens",
    "avg": 256.0,
    "p1": 256.0,
    "p5": 256.0,
    "p10": 256.0,
    "p25": 256.0,
    "p50": 256.0,
    "p75": 256.0,
    "p90": 256.0,
    "p95": 256.0,
    "p99": 256.0,
    "min": 256.0,
    "max": 256.0,
    "std": 0.0
  },
  "inter_chunk_latency": {
    "unit": "ms",
    "avg": 31.77482865847059,
    "p1": 20.097474199999997,
    "p5": 25.246826499999997,
    "p10": 27.405601100000002,
    "p25": 28.888059249999998,
    "p50": 29.4524595,
    "p75": 29.958854,
    "p90": 32.010138100000006,
    "p95": 35.2741775,
    "p99": 86.46776299999999,
    "min": 0.0,
    "max": 2316.406212,
    "std": 39.9435625249245
  },
  "total_output_tokens": {
    "unit": "tokens",
    "avg": 25600.0
  },
  "benchmark_duration": {
    "unit": "sec",
    "avg": 62.526098862000005
  },
  "total_isl": {
    "unit": "tokens",
    "avg": 51200.0
  },
  "total_osl": {
    "unit": "tokens",
    "avg": 25600.0
  },
  "telemetry_data": {
    "summary": {
      "endpoints_configured": [],
      "endpoints_successful": [],
      "start_time": "2026-04-12T18:45:07.221241",
      "end_time": "2026-04-12T18:46:11.765784"
    },
    "endpoints": {},
    "error_summary": []
  },
  "input_config": {
    "endpoint": {
      "model_names": [
        "nvidia/Llama-3.1-8B-Instruct-FP8"
      ],
      "type": "chat",
      "streaming": true,
      "urls": [
        "http://localhost:8000"
      ],
      "use_legacy_max_tokens": true
    },
    "input": {
      "extra": [
        [
          "min_tokens",
          256
        ],
        [
          "ignore_eos",
          true
        ]
      ],
      "prompt": {
        "input_tokens": {
          "mean": 512
        },
        "output_tokens": {
          "mean": 256
        }
      }
    },
    "output": {
      "artifact_directory": "/results/artifacts",
      "profile_export_prefix": "output.json"
    },
    "tokenizer": {
      "name": "nvidia/Llama-3.1-8B-Instruct-FP8",
      "resolved_names": {
        "nvidia/Llama-3.1-8B-Instruct-FP8": "nvidia/Llama-3.1-8B-Instruct-FP8"
      }
    },
    "loadgen": {
      "concurrency": 16,
      "arrival_pattern": "concurrency_burst",
      "request_count": 100
    },
    "cli_command": "aiperf profile --model 'nvidia/Llama-3.1-8B-Instruct-FP8' --url 'http://localhost:8000' --endpoint-type 'chat' --tokenizer 'nvidia/Llama-3.1-8B-Instruct-FP8' --concurrency 16 --request-count 100 --isl 512 --osl 256 --extra-inputs 'min_tokens:256' --extra-inputs 'ignore_eos:true' --streaming --use-legacy-max-tokens --artifact-dir '/results/artifacts' --profile-export-file 'output.json'",
    "benchmark_id": "5c8971c6-8e3e-4ede-bc1e-f8fce6c7915b"
  },
  "was_cancelled": false,
  "error_summary": [],
  "start_time": "2026-04-12T18:45:07.221241",
  "end_time": "2026-04-12T18:46:09.751677",
  "http_req_connection_reused": {
    "unit": "ratio",
    "avg": 0.84,
    "p1": 0.0,
    "p5": 0.0,
    "p10": 0.0,
    "p25": 1.0,
    "p50": 1.0,
    "p75": 1.0,
    "p90": 1.0,
    "p95": 1.0,
    "p99": 1.0,
    "min": 0.0,
    "max": 1.0,
    "std": 0.3666060555964673
  },
  "time_to_first_output_token": {
    "unit": "ms",
    "avg": 1036.3993931599998,
    "p1": 144.64213488999997,
    "p5": 151.10977375,
    "p10": 300.1394988,
    "p25": 413.34991299999996,
    "p50": 583.4901795,
    "p75": 820.92109075,
    "p90": 2827.1341578,
    "p95": 4696.267819,
    "p99": 4701.9945897200005,
    "min": 132.548977,
    "max": 4704.236218999999,
    "std": 1241.5020617325129
  },
  "http_req_blocked": {
    "unit": "ms",
    "avg": 0.0,
    "p1": 0.0,
    "p5": 0.0,
    "p10": 0.0,
    "p25": 0.0,
    "p50": 0.0,
    "p75": 0.0,
    "p90": 0.0,
    "p95": 0.0,
    "p99": 0.0,
    "min": 0.0,
    "max": 0.0,
    "std": 0.0
  },
  "http_req_dns_lookup": {
    "unit": "ms",
    "avg": 0.08465644,
    "p1": 0.0,
    "p5": 0.0,
    "p10": 0.0,
    "p25": 0.0,
    "p50": 0.0,
    "p75": 0.0,
    "p90": 0.0,
    "p95": 0.0,
    "p99": 2.038106120000023,
    "min": 0.0,
    "max": 6.472328,
    "std": 0.6719201376063428
  },
  "http_req_connecting": {
    "unit": "ms",
    "avg": 0.44939953,
    "p1": 0.0,
    "p5": 0.0,
    "p10": 0.0,
    "p25": 0.0,
    "p50": 0.0,
    "p75": 0.0,
    "p90": 1.5087722000000012,
    "p95": 2.9154815999999997,
    "p99": 7.07014907000001,
    "min": 0.0,
    "max": 9.034514,
    "std": 1.3516998099627773
  },
  "http_req_sending": {
    "unit": "ms",
    "avg": 0.59529202,
    "p1": 0.058011599999999997,
    "p5": 0.06037,
    "p10": 0.064377,
    "p25": 0.0715045,
    "p50": 0.10854699999999999,
    "p75": 0.19954125,
    "p90": 1.5560273000000011,
    "p95": 2.9671840999999994,
    "p99": 7.15511409000001,
    "min": 0.057081,
    "max": 9.317679,
    "std": 1.3636213195543696
  },
  "http_req_waiting": {
    "unit": "ms",
    "avg": 1035.74591245,
    "p1": 144.37341208,
    "p5": 150.81072475,